{"SeekSun": 1543922615.0760565, "chino_desu": 1543922615.0750597}